i,j,h
1,64,137
2,214,79
3,162,141
4,166,70
5,160,163
6,188,152
7,15,109
8,176,192
9,139,19
10,19,75
11,150,211
12,28,0
13,146,85
14,151,48
15,234,254
16,89,82
17,136,84
18,5,38
19,141,54
20,117,73
21,76,27
22,224,255
23,56,227
24,212,109
25,45,158
26,85,54
27,245,41
28,123,126
29,130,147
30,38,128
31,72,58
32,104,110
33,51,94
34,73,120
35,53,15
36,244,30
37,36,143
38,200,250
39,130,193
40,133,52
41,247,84
42,215,55
43,91,21
44,24,142
45,113,209
46,216,174
47,185,208
48,1,145
49,206,64
50,221,94
51,168,128
52,161,230
53,141,116
54,174,139
55,229,16
56,61,132
57,126,132
58,126,65
59,25,224
60,36,59
61,124,39
62,184,59
63,19,9
64,83,205
65,187,58
66,119,167
67,14,194
68,15,172
69,236,82
70,143,245
71,168,228
72,202,232
73,224,170
74,174,239
75,77,252
76,36,226
77,195,19
78,234,122
79,104,158
80,237,151
81,81,200
82,77,112
83,141,44
84,194,152
85,234,79
86,250,78
87,202,242
88,59,182
89,170,207
90,231,90
91,107,59
92,17,203
93,63,220
94,147,222
95,78,14
96,60,30
97,44,193
98,179,225
99,24,34
100,132,110
101,120,189
102,8,175
103,162,102
104,32,204
105,55,240
106,239,98
107,115,25
108,21,230
109,198,155
110,154,113
111,230,112
112,55,104
113,144,152
114,87,233
115,219,119
116,92,166
117,68,147
118,244,111
119,176,93
120,164,5
121,29,5
122,209,121
123,87,77
124,175,108
125,61,93
126,61,142
127,184,183
128,33,252
129,41,234
130,227,245
131,193,160
132,45,228
133,48,76
134,58,75
135,103,249
136,150,178
137,6,236
138,235,219
139,198,140
140,27,222
141,91,247
142,218,116
143,125,114
144,214,239
145,211,24
146,73,10
147,157,0
148,80,197
149,65,195
150,112,70
151,117,176
152,192,218
153,154,174
154,116,255
155,62,201
156,252,164
157,80,7
158,154,111
159,248,13
160,242,122
161,235,222
162,133,227
163,187,158
164,175,76
165,87,46
166,91,68
167,243,210
168,12,147
169,64,193
170,175,99
171,111,228
172,28,165
173,241,110
174,191,132
175,46,182
176,234,228
177,35,92
178,48,16
179,183,121
180,94,49
181,3,102
182,122,60
183,1,207
184,124,143
185,93,143
186,48,224
187,102,85
188,130,87
189,232,248
190,176,240
191,126,92
192,201,96
193,167,24
194,220,145
195,123,102
196,83,196
197,41,222
198,4,29
199,23,158
200,187,195
201,6,187
202,214,41
203,186,241
204,60,112
205,51,172
206,0,217
207,231,36
208,226,72
209,150,203
210,148,16
211,145,24
212,45,8
213,96,99
214,48,163
215,16,195
216,119,8
217,41,136
218,168,249
219,44,116
220,97,6
221,112,62
222,52,177
223,61,9
224,83,238
225,133,204
226,128,142
227,58,196
228,216,63
229,15,56
230,91,80
231,66,210
232,168,229
233,22,217
234,210,206
235,203,6
236,168,67
237,45,33
238,83,60
239,11,8
240,17,172
241,230,217
242,224,210
243,120,169
244,40,225
245,200,191
246,241,45
247,99,47
248,193,152
249,7,96
250,23,35
251,132,229
252,66,165
253,96,81
254,73,95
255,115,29
0,64,1
